Caja de Navidad para Perro - 1 Unidad.,4.77,http://www.petsonic.com/10699-large_default/caja-de-navidad-para-perro.jpg
Barritas Redonda de Ternera para Perro - 400 Gr.,4.20,http://www.petsonic.com/3121-large_default/hobbit-half-barritas-redonda-de-ternera.jpg
Barritas Redonda de Ternera para Perro - 1 Kg.,7.80,http://www.petsonic.com/3121-large_default/hobbit-half-barritas-redonda-de-ternera.jpg
Barritas Redonda de Cordero para Perro - 400 Gr.,4.20,http://www.petsonic.com/3127-large_default/hobbit-half-barritas-redonda-de-cordero.jpg
Barritas Redonda de Cordero para Perro - 1 Kg.,7.80,http://www.petsonic.com/3127-large_default/hobbit-half-barritas-redonda-de-cordero.jpg
Barritas Redonda de Pollo para Perro - 400 Gr.,4.20,http://www.petsonic.com/3128-large_default/hobbit-half-barritas-redonda-de-pollo.jpg
Barritas Redonda de Pollo para Perro - 1 Kg.,7.80,http://www.petsonic.com/3128-large_default/hobbit-half-barritas-redonda-de-pollo.jpg
Mini Huesitos Tiernos Mix para Perros - 500 Gr.,3.60,http://www.petsonic.com/5858-large_default/hobbit-half-mini-huesitos-mix-500-gr.jpg
Bocaditos Tiernos de Salmón para Perro - 1 Unidad.,1.25,http://www.petsonic.com/5869-large_default/hobbit-half-bocaditos-de-salmon-100gr.jpg
Bocaditos Tiernos de Salmón para Perro - 16 unidades,13.90,http://www.petsonic.com/5869-large_default/hobbit-half-bocaditos-de-salmon-100gr.jpg
Estrellas Tiernas de Salmón y Queso para Perro - 1 Unidad.,1.25,http://www.petsonic.com/10350-large_default/hobbit-half-estrellas-de-salmon-100gr.jpg
Estrellas Tiernas de Salmón y Queso para Perro - 12 Unidades.,13.90,http://www.petsonic.com/10350-large_default/hobbit-half-estrellas-de-salmon-100gr.jpg
Estrellas Tiernas de Ganso para Perro - 1 Unidad.,1.25,http://www.petsonic.com/3244-large_default/hobbit-half-estrellas-de-ganso-100gr.jpg
Estrellas Tiernas de Ganso para Perro - 16 unidades,13.90,http://www.petsonic.com/3244-large_default/hobbit-half-estrellas-de-ganso-100gr.jpg
Estrellita Tiernas de Salmón para Perro - 1 Unidad.,1.25,http://www.petsonic.com/5868-large_default/estrellita-tiernas-de-salmon-para-perro.jpg
Estrellita Tiernas de Salmón para Perro - 12 Unidades.,13.90,http://www.petsonic.com/5868-large_default/estrellita-tiernas-de-salmon-para-perro.jpg
Bocaditos Tiernos de Carne de Caza para Perros - 1 Unidad.,1.25,http://www.petsonic.com/3250-large_default/hobbit-half-bocaditos-de-carne-de-caza-100gr.jpg
Bocaditos Tiernos de Carne de Caza para Perros - 16 unidades,13.90,http://www.petsonic.com/3250-large_default/hobbit-half-bocaditos-de-carne-de-caza-100gr.jpg
Chips de pollo y Queso para Perro - 1 Unidad.,0.90,http://www.petsonic.com/3248-large_default/hobbit-half-chips-de-pollo-y-queso-100gr.jpg
Chips de pollo y Queso para Perro - 12 Unidades.,9.90,http://www.petsonic.com/3248-large_default/hobbit-half-chips-de-pollo-y-queso-100gr.jpg
Snack Huesitos Tiernos para Perros - Pollo,1.80,http://www.petsonic.com/5862-large_default/snack-huesitos-tiernos-para-perros.jpg
Snack Huesitos Tiernos para Perros - Ternera.,1.80,http://www.petsonic.com/5862-large_default/snack-huesitos-tiernos-para-perros.jpg
Palitos Tiernos de Ternera para Perro - 13 Unidades.,2.95,http://www.petsonic.com/5863-large_default/palitos-tiernos-de-ternera-para-perro.jpg
Hueso Piel con Fluor para Perro - 13 cm,1.95,http://www.petsonic.com/5852-large_default/hobbit-half-1-hueso-13cm-de-piel-con-fluor.jpg
Hueso Piel con Fluor para Perro - 25 cm,5.75,http://www.petsonic.com/5852-large_default/hobbit-half-1-hueso-13cm-de-piel-con-fluor.jpg
Hueso Piel Sabor Barbacoa para Perro - 13 cm,1.95,http://www.petsonic.com/3143-large_default/hobbit-half-1-hueso-13cm-de-piel-gusto-barbacoa.jpg
Hueso de Piel Sabor Chocolate para Perro - 13 cm,1.95,http://www.petsonic.com/5850-large_default/hobbit-half-hueso-13cm-de-piel-gusto-chocolate.jpg
Nudillo de Ternera Calcio para Perro - 2 Unidades,0.60,http://www.petsonic.com/5854-large_default/4098-hobbit-half-nudillo-calcio.jpg
Nudillo de Ternera Ahumado para Perro - 2 Unidades,0.60,http://www.petsonic.com/5853-large_default/4099-hobbit-half-nudillo-calcio.jpg
Morro de Cerdo Ahumado para Perro - 1 Unidad.,0.75,http://www.petsonic.com/5848-large_default/morro-de-cerdo-ahumado-para-perro.jpg
Cañailla de Jamón para Perro - 3 Unidades.,0.95,http://www.petsonic.com/5857-large_default/canailla-de-jamon-para-perro.jpg
Hueso Calcio con Pollo para Perro - 100 Gr.,2.15,http://www.petsonic.com/5859-large_default/hueso-calcio-con-pollo-para-perro.jpg
Mini Hueso Piel Fluor para Perros - 10 Unidades.,6.30,http://www.petsonic.com/5860-large_default/mini-hueso-piel-fluor-para-perros.jpg
Filetes de pollo y Pato para Perro - 100 Gr.,2.60,http://www.petsonic.com/5866-large_default/filetes-de-pollo-y-pato-para-perro.jpg
Huesitos Puppy con Pollo para Perro - 100 Gr.,2.15,http://www.petsonic.com/5865-large_default/huesitos-puppy-con-pollo-para-perro.jpg
Muslitos de Pollo y Calcio para Perro - 100 Gr.,2.15,http://www.petsonic.com/5864-large_default/muslitos-de-pollo-y-calcio-para-perro.jpg
Rosco Piel Fluor para Perro - 1 Unidad.,2.10,http://www.petsonic.com/5847-large_default/rosco-piel-fluor-para-perro.jpg
Palitos Mordedores de Piel para Perro - 4 Unidades.,1.60,http://www.petsonic.com/9463-large_default/palitos-mordedores-de-piel-para-perro.jpg
Hueso Jamón para Perro - Talla Unica,1.25,http://www.petsonic.com/3152-large_default/4101-hueso-jamon-partido-hobbit-half.jpg
Hueso de Calcio Corto para Perro - 1 Unidad.,1.40,http://www.petsonic.com/5846-large_default/hueso-de-calcio-corto-para-perro.jpg
Hueso Ternera con Calcio - 1 Unidad.,2.50,http://www.petsonic.com/9577-large_default/hobbit-half-hueso-ternera-con-calcio.jpg
Hueso Ternera Ahumado para Perro - 1 Unidad.,2.60,http://www.petsonic.com/9578-large_default/nayeco-hueso-ternera-ahumado.jpg
Hueso Jumbo de Ternera para Perro - 40 cm,8.20,http://www.petsonic.com/9579-large_default/trixie-hueso-jumbo-1-2kg.jpg
Hueso King Bone - 8 cm,0.64,http://www.petsonic.com/3156-large_default/hobbit-half-hueso-king-bone.jpg
Hueso King Bone - 10 cm,0.68,http://www.petsonic.com/3156-large_default/hobbit-half-hueso-king-bone.jpg
Hueso King Bone - 13 cm,1.18,http://www.petsonic.com/3156-large_default/hobbit-half-hueso-king-bone.jpg
Hueso King Bone - 15 cm,1.64,http://www.petsonic.com/3156-large_default/hobbit-half-hueso-king-bone.jpg
Hueso King Bone - 18 cm,2.09,http://www.petsonic.com/3156-large_default/hobbit-half-hueso-king-bone.jpg
Hueso King Bone - 20 cm,2.91,http://www.petsonic.com/3156-large_default/hobbit-half-hueso-king-bone.jpg
Hueso King Bone - 25 cm,3.82,http://www.petsonic.com/3156-large_default/hobbit-half-hueso-king-bone.jpg
Hueso King Bone - 32 cm,5.91,http://www.petsonic.com/3156-large_default/hobbit-half-hueso-king-bone.jpg
Hueso de Piel Prensada para Perro - 21 cm,2.70,http://www.petsonic.com/9546-large_default/hueso-de-piel-prensada-para-perro.jpg
Huesos de Nylon Rellenos para Perro - 9 cm,3.40,http://www.petsonic.com/6288-large_default/huesos-de-nylon-rellenos-para-perro.jpg
Huesos de Nylon Rellenos para Perro - 11.5 cm,4.55,http://www.petsonic.com/6288-large_default/huesos-de-nylon-rellenos-para-perro.jpg
Huesos de Nylon Rellenos para Perro - 13.5 cm,6.20,http://www.petsonic.com/6288-large_default/huesos-de-nylon-rellenos-para-perro.jpg
Huesos de Nylon Rellenos para Perro - 19 cm,8.60,http://www.petsonic.com/6288-large_default/huesos-de-nylon-rellenos-para-perro.jpg
Huesos de Nylon Rellenos para Perro - 23 cm,11.40,http://www.petsonic.com/6288-large_default/huesos-de-nylon-rellenos-para-perro.jpg
Orejas de Cerda Extra para Perro - 5 Unidades.,6.15,http://www.petsonic.com/8755-large_default/hobbit-half-5-orejas-de-cerda-extra.jpg
Orejas de Cerda Extra para Perro - 25 unidades,29.25,http://www.petsonic.com/8755-large_default/hobbit-half-5-orejas-de-cerda-extra.jpg
Oreja de Cerdo - 1 Unidad.,1.50,http://www.petsonic.com/3158-large_default/hobbit-half-oreja-de-cerdo.jpg
Oreja de Vaca Deshidratada para Perro - 1 Unidad.,0.60,http://www.petsonic.com/9993-large_default/hobbit-half-1-oreja-de-vaca.jpg
Zapato Piel Masticable para Perro (10 unidades) - 12 cm,6.90,http://www.petsonic.com/5867-large_default/1-zapato-piel-masticable.jpg
Zapato Piel Masticable para Perro (10 unidades) - 20 cm,15.90,http://www.petsonic.com/5867-large_default/1-zapato-piel-masticable.jpg
Tendón de Cuero para Perro - 100 Gr.,3.78,http://www.petsonic.com/3161-large_default/hobbit-half-tendon-cuero-cabelludo.jpg
Tendón de Cuero para Perro - 1 Kg.,13.95,http://www.petsonic.com/3161-large_default/hobbit-half-tendon-cuero-cabelludo.jpg
Pezuña de Ternera Rellena para Perro - 1 Unidad.,1.40,http://www.petsonic.com/8214-large_default/pezuna-de-ternera-rellena-para-perro.jpg
Nervio de Toro 15 cm para Perro - 1 Unidad.,1.30,http://www.petsonic.com/3172-large_default/nayeco-nervio-de-toro-15cm.jpg
Nervio de Toro 15 cm para Perro - 10 Unidades.,12.15,http://www.petsonic.com/3172-large_default/nayeco-nervio-de-toro-15cm.jpg
Nervio de Toro 15 cm para Perro - 40 Unidades.,45.35,http://www.petsonic.com/3172-large_default/nayeco-nervio-de-toro-15cm.jpg
Puntas de Nervio de Toro - 500 Gr.,11.20,http://www.petsonic.com/3164-large_default/hobbit-half-puintas-de-nervio-de-toro.jpg
Nervio de Toro 20cm para Perros - 7 Unidades.,13.90,http://www.petsonic.com/3169-large_default/hobbit-half-nervio-de-toro-20cm.jpg
Nervio de Toro 60-70cm para Perro - 1 Unidad.,4.75,http://www.petsonic.com/3196-large_default/nayeco-nervio-de-toro-60-70cm-10und.jpg
Nervio de Toro 60-70cm para Perro - Pack 10 unidades,47.30,http://www.petsonic.com/3196-large_default/nayeco-nervio-de-toro-60-70cm-10und.jpg
Cigarrillos Colores de Piel para Perro - 100 unidades,4.95,http://www.petsonic.com/8518-large_default/cigarrillos-de-colores.jpg
Palitos de Piel para Perro 100 unidades - Ø 5 a 6 mm,8.55,http://www.petsonic.com/8392-large_default/trixie-100-palitos-espirales-12-cm.jpg
Palitos de Piel para Perro 100 unidades - Ø 7 a 8 mm,10.70,http://www.petsonic.com/8392-large_default/trixie-100-palitos-espirales-12-cm.jpg
Palitos de Piel para Perro 100 unidades - Ø 9 a 10 mm,16.75,http://www.petsonic.com/8392-large_default/trixie-100-palitos-espirales-12-cm.jpg
Tira de Tendón para Perro - 1 Unidad.,0.85,http://www.petsonic.com/3168-large_default/hobbit-half-tira-de-tendon.jpg
Tendon Extra 20cm para Perro - 1 Unidad.,1.75,http://www.petsonic.com/5849-large_default/hobbit-half-tendon-extra-20cm.jpg
Busy Buddy Recambio Premio Natural para Perro - Talla 1,2.95,http://www.petsonic.com/8506-large_default/busy-buddy-recambio-premio-natural-a.jpg
Busy Buddy Recambio Premio Natural para Perro - Talla 2,6.30,http://www.petsonic.com/8506-large_default/busy-buddy-recambio-premio-natural-a.jpg
Busy Buddy Recambio Premio Natural para Perro - Talla 3,8.80,http://www.petsonic.com/8506-large_default/busy-buddy-recambio-premio-natural-a.jpg
Huesos Prensados de Arroz para Perro - 2 Unidades,2.15,http://www.petsonic.com/6612-large_default/2-huesos-prensados-arroz.jpg
Snacks Tiras de Pollo Deshidratado para Perro - 100 Gr.,3.10,http://www.petsonic.com/8406-large_default/trixie-premio-omega-tiras.jpg
Rollito de Tripa Relleno de Yogur para Perro - 100 Unidades,64.45,http://www.petsonic.com/7167-large_default/rollito-de-tripa-relleno-de-yogur-para-perro.jpg
Snack -Premio Paté Pollo - 100 Gr.,3.95,http://www.petsonic.com/8646-large_default/snack-en-pate-para-perro.jpg
Snack-Premio Paté Hígado - 110 Gr.,3.30,http://www.petsonic.com/8393-large_default/snack-premio-pate-higado.jpg
Snacks Vitaminados Sabor Yogur para Perro - 75 Gr.,1.50,http://www.petsonic.com/8411-large_default/snacks-vitaminados-sabor-yogur-para-perro.jpg
Tableta Chocolate para Perros - 100 Gr.,1.50,http://www.petsonic.com/6614-large_default/trixie-tableta-chocolate-perros.jpg
Tableta Chocolate Blanco para Perros - 100 Gr.,1.50,http://www.petsonic.com/6613-large_default/tableta-chocolate-blanco-perros.jpg
Super Star Snacks Adiestramiento para Perro. - 75 Gr.,3.95,http://www.petsonic.com/5892-large_default/super-stars-snacks-adiestramiento-para-perro.jpg
Sea Jerky Tiras de Piel de Pescado Deshidratado para Perro - 100 Gr.,3.95,http://www.petsonic.com/3214-large_default/fish4dogs-sea-jerky-tiras-de-piel.jpg
Sea Wraps con Bacalao y Boniato para Perro - 100 Gr.,3.95,http://www.petsonic.com/3257-large_default/4161-fish-4-dogs-sea-jerky.jpg
Sea Jerky Trenzas de Pescado Deshidratado para Perro - 100 Gr.,3.95,http://www.petsonic.com/3220-large_default/fish4dogs-sea-jerky-trenzas-de-pescado-dentales.jpg
Sea Jerky Tacos de Pescado Deshidratado para Perro - 100 Gr.,3.95,http://www.petsonic.com/3218-large_default/fish4dogs-sea-jerky-tacos-de-pescado.jpg
Sea Jerky Taquitos de Pescado Pequeños Deshidratados para Perro - 100 Gr.,3.95,http://www.petsonic.com/3216-large_default/fish4dogs-sea-jerky-taquitos-de-pescados-pequenos.jpg
Sea Jerky Huesos de Piel de Pescado Deshidratada para Perro - 100 Gr.,3.95,http://www.petsonic.com/5889-large_default/sea-jerky-huesos-de-piel-de-pescado-deshidratada-para-perro.jpg
Sea Biscuits Tiddlers para Perros - 100 Gr.,3.95,http://www.petsonic.com/5883-large_default/fish4dogs-sea-biscuits.jpg
Galletas con Frutas del Bosque para Perro - 230 Gr.,5.10,http://www.petsonic.com/5434-large_default/naturea-biscuits-frutas-del-bosque.jpg
Galletas de Manzana y Canela para Perro - 230 Gr.,5.10,http://www.petsonic.com/5433-large_default/naturea-biscuits-manzana-y-canela.jpg
Galletas con Tomate Aceite de Oliva y Queso Parmesano para Perro - 230 Gr.,5.10,http://www.petsonic.com/5437-large_default/naturea-biscuits-con-tomate-aceite-de-oliva-y-queso-parmesano.jpg
Galletas con Pato y Moras para Perro - 230 Gr.,5.36,http://www.petsonic.com/5436-large_default/naturea-biscuits-con-pato-y-moras.jpg
Galletas con Yogurt y Miel para Perro - 230 Gr.,5.10,http://www.petsonic.com/5438-large_default/naturea-biscuits-con-yogurt-y-miel.jpg
Galletas con Pescado Aceite de oliva y Hierbas Aromáticas para Perro - 230 Gr.,5.10,http://www.petsonic.com/5435-large_default/naturea-biscuits-con-pescado-aceite-de-oliva-y-hierbas-aromaticas.jpg
Galletas Puppy para Perro - 100 Gr.,0.60,http://www.petsonic.com/5831-large_default/galletas-puppy-para-perro.jpg
Galletas Puppy para Perro - 200 Gr.,1.50,http://www.petsonic.com/5831-large_default/galletas-puppy-para-perro.jpg
Galletas Puppy para Perro - 430 gr,2.60,http://www.petsonic.com/5831-large_default/galletas-puppy-para-perro.jpg
"Galletas Puppy para Perro - 2,5 Kg.",14.20,http://www.petsonic.com/5831-large_default/galletas-puppy-para-perro.jpg
Galletas Granja para Perro - 200 Gr.,1.50,http://www.petsonic.com/5830-large_default/galletas-granja-para-perro.jpg
Galletas Granja para Perro - 430 gr,2.60,http://www.petsonic.com/5830-large_default/galletas-granja-para-perro.jpg
Galletas Granja para Perro - 4 Kg.,18.70,http://www.petsonic.com/5830-large_default/galletas-granja-para-perro.jpg
Galleta Croqueta Queso y Pollo para Perro - 430 gr,2.60,http://www.petsonic.com/5855-large_default/galleta-croqueta-queso-y-pollo-para-perro.jpg
Galletas Alfito de Carne para Perro - 430 gr,2.60,http://www.petsonic.com/5877-large_default/galletas-alfito-de-carne-para-perro.jpg
Galleta Happy Happer Mix para Perros - 5 Kg,22.95,http://www.petsonic.com/5871-large_default/nayeco-galleta-happy-happer.jpg
Galletas Jumbo Mini Mix para Perro - 430 gr,2.60,http://www.petsonic.com/5878-large_default/galletas-jumbo-mini-mix-para-perro.jpg
Pasta Easy Treat para Cachorros - 0.236 L,6.00,http://www.petsonic.com/6618-large_default/kong-stuffn-puppy-treat.jpg
Pasta Easy Treat para Perro - 0.236 L,6.00,http://www.petsonic.com/6619-large_default/kong-stuffn-higado.jpg
Galletas para Cachorro - 300 Gr.,6.25,http://www.petsonic.com/6621-large_default/galletas-para-cachorro.jpg
Galletas Sabor Hígado para Perros Pequeños - 200 Gr.,4.85,http://www.petsonic.com/7109-large_default/galletas-sabor-higado-para-perros-pequenos.jpg
Galletas para Perro - 300 Gr.,6.25,http://www.petsonic.com/6620-large_default/galletas-para-perro.jpg
Delibakie Biscotti - 90 Gr,1.15,http://www.petsonic.com/7275-large_default/delibakie-biscotti.jpg
Delibakie Biscotti - 270 Gr,2.50,http://www.petsonic.com/7275-large_default/delibakie-biscotti.jpg
Delibakie Hearts - 100 Gr.,1.15,http://www.petsonic.com/7252-large_default/purina-proplan-delibakie-hearts.jpg
Delibakie Hearts - 350 Gr.,2.50,http://www.petsonic.com/7252-large_default/purina-proplan-delibakie-hearts.jpg
Delibakie Rolls - 100 Gr.,1.15,http://www.petsonic.com/7257-large_default/purina-proplan-delibakie-rolls.jpg
Delibakie Rolls - 320 Gr,2.50,http://www.petsonic.com/7257-large_default/purina-proplan-delibakie-rolls.jpg
Adventuros Mini Sticks de Búfalo - 90 Gr,1.10,http://www.petsonic.com/7283-large_default/adventuros-mini-sticks-de-bufalo.jpg
Adventuros Mini Sticks de Búfalo - Pack 6 sobres de 90gr,6.30,http://www.petsonic.com/7283-large_default/adventuros-mini-sticks-de-bufalo.jpg
Adventuros Strips Venado - 90 Gr,1.10,http://www.petsonic.com/7279-large_default/adventuros-strips-venado.jpg
Adventuros Strips Venado - Pack 6 sobres de 90gr,6.30,http://www.petsonic.com/7279-large_default/adventuros-strips-venado.jpg
Adventuros Nuggets Jabalí - 90 Gr,1.10,http://www.petsonic.com/7282-large_default/adventuros-nuggets-jabali.jpg
Adventuros Nuggets Jabalí - Pack 6 sobres de 90gr,6.30,http://www.petsonic.com/7282-large_default/adventuros-nuggets-jabali.jpg
Adventuros Sticks de Búfalo - 120 gr,0.95,http://www.petsonic.com/7284-large_default/adventuros-sticks-de-bufalo.jpg
Adventuros Sticks de Búfalo - Packs 6 sobres de 120 gr,6.30,http://www.petsonic.com/7284-large_default/adventuros-sticks-de-bufalo.jpg
IB Snack Pollo y Manzana - 1 x 6 sobres 227 gr,19.95,http://www.petsonic.com/7043-large_default/ib-snack-pollo-y-manzana.jpg
IB Snack Pollo y Manzana - 1 Sobre 227 gr,3.35,http://www.petsonic.com/7043-large_default/ib-snack-pollo-y-manzana.jpg
IB Snack Pollo y Zanahoria - 1 x 6 sobres 227 gr,19.95,http://www.petsonic.com/7044-large_default/ib-snack-pollo-y-zanahoria.jpg
IB Snack Pollo y Zanahoria - 1 Sobre 227 gr,3.35,http://www.petsonic.com/7044-large_default/ib-snack-pollo-y-zanahoria.jpg
Biscuits Dental Bar 150gr. - 1 Unidad.,2.90,http://www.petsonic.com/3454-large_default/purina-proplan-biscuits-dental-bar-150gr.jpg
Biscuits Dental Bar 150gr. - 4 Unidades,10.90,http://www.petsonic.com/3454-large_default/purina-proplan-biscuits-dental-bar-150gr.jpg
Biscuits Light 400gr. - 1 Unidad.,3.65,http://www.petsonic.com/3452-large_default/purina-proplan-biscuits-light-400gr.jpg
Biscuits Light 400gr. - 4 Unidades,13.90,http://www.petsonic.com/3452-large_default/purina-proplan-biscuits-light-400gr.jpg
Treats Original 56gr. - 1 Unidad.,5.25,http://www.petsonic.com/9782-large_default/orijen-treats-original-snacks-natrurales-de-pollo-56gr.jpg
Treats Original 56gr. - 6 Unidades.,25.10,http://www.petsonic.com/9782-large_default/orijen-treats-original-snacks-natrurales-de-pollo-56gr.jpg
Treat Regional 56 gr. - 1 Unidad.,5.75,http://www.petsonic.com/9784-large_default/treat-regional-56-gr.jpg
Treat Regional 56 gr. - 6 Unidades.,28.95,http://www.petsonic.com/9784-large_default/treat-regional-56-gr.jpg
Treat Tundra 56 gr. - 1 Unidad.,5.75,http://www.petsonic.com/9787-large_default/treat-tundra-56-gr.jpg
Treat Tundra 56 gr. - 6 Unidades.,28.95,http://www.petsonic.com/9787-large_default/treat-tundra-56-gr.jpg
Treats Ranch Raised Lamb 56gr. - 1 Unidad.,5.50,http://www.petsonic.com/9781-large_default/orijen-treats-alberta-lamb-snacks-natrurales-de-cordero-56gr.jpg
Treats Ranch Raised Lamb 56gr. - 6 Unidades.,34.07,http://www.petsonic.com/9781-large_default/orijen-treats-alberta-lamb-snacks-natrurales-de-cordero-56gr.jpg
Treats Beef Black Angus 56gr. - 1 Unidad.,4.75,http://www.petsonic.com/9778-large_default/orijen-treats-angus-beef-snacks-natrurales-de-ternera-56gr.jpg
Treats Beef Black Angus 56gr. - 6 Unidades.,24.95,http://www.petsonic.com/9778-large_default/orijen-treats-angus-beef-snacks-natrurales-de-ternera-56gr.jpg
Treats Brome Lake Duck 56 gr. - 1 Unidad.,5.75,http://www.petsonic.com/9780-large_default/treats-brome-lake-duck.jpg
Treats Brome Lake Duck 56 gr. - 6 Unidades.,28.95,http://www.petsonic.com/9780-large_default/treats-brome-lake-duck.jpg
Treat Wild Board 56 gr. - 1 Unidad.,4.85,http://www.petsonic.com/9789-large_default/treat-wild-board-56-gr.jpg
Treat Wild Board 56 gr. - 6 Unidades.,28.95,http://www.petsonic.com/9789-large_default/treat-wild-board-56-gr.jpg
Treats Range Bison 56gr. - 1 Unidad.,5.75,http://www.petsonic.com/9779-large_default/orijen-treats-range-bison-snacks-natrurales-de-bisonte-56gr.jpg
Treats Range Bison 56gr. - 6 Unidades.,28.95,http://www.petsonic.com/9779-large_default/orijen-treats-range-bison-snacks-natrurales-de-bisonte-56gr.jpg
Snacks Adiestramiento para Cachorros - 75 gr,1.25,http://www.petsonic.com/6414-large_default/snacks-adiestramiento-para-cachorros.jpg
Puppy Snack - 150 Gr.,1.80,http://www.petsonic.com/7477-large_default/puppy-snack.jpg
Puppy Snack - 1 x 7 packs de 150 gr,12.50,http://www.petsonic.com/7477-large_default/puppy-snack.jpg
Dental Care Stick Mini - 90 Gr,2.10,http://www.petsonic.com/7470-large_default/dental-care-stick-mini.jpg
Dental Care Stick Mini - 1 x 13 packs de 90 gr,25.30,http://www.petsonic.com/7470-large_default/dental-care-stick-mini.jpg
Immunity Snack - 150 Gr.,1.70,http://www.petsonic.com/7473-large_default/immunity-snack.jpg
Immunity Snack - 1 x 7 packs de 150 gr,11.90,http://www.petsonic.com/7473-large_default/immunity-snack.jpg
Hypoallergenic Snack - 150 Gr.,1.70,http://www.petsonic.com/7474-large_default/hypoallergenic-snack.jpg
Hypoallergenic Snack - 1 x 7 packs de 150 gr,11.90,http://www.petsonic.com/7474-large_default/hypoallergenic-snack.jpg
Appetite Control Snack - 150 Gr.,1.70,http://www.petsonic.com/7475-large_default/appetite-control-snack.jpg
Appetite Control Snack - 1 x 7 packs de 150 gr,11.90,http://www.petsonic.com/7475-large_default/appetite-control-snack.jpg
Articular Snack - 150 Gr.,1.70,http://www.petsonic.com/7478-large_default/articular-snack.jpg
Articular Snack - 1 x 14 packs de 155 gr,23.80,http://www.petsonic.com/7478-large_default/articular-snack.jpg
Veggie Dent Limpieza Dental - XS,5.30,http://www.petsonic.com/3927-large_default/bayer-veggie-dent-limpieza-dental.jpg
Veggie Dent Limpieza Dental - S,5.70,http://www.petsonic.com/3927-large_default/bayer-veggie-dent-limpieza-dental.jpg
Veggie Dent Limpieza Dental - M,7.35,http://www.petsonic.com/3927-large_default/bayer-veggie-dent-limpieza-dental.jpg
Veggie Dent Limpieza Dental - L,8.10,http://www.petsonic.com/3927-large_default/bayer-veggie-dent-limpieza-dental.jpg
Dentastix 5-10 Kg Sticks Dentales - 7 barritas,2.25,http://www.petsonic.com/10752-large_default/pedigree-dentastix-5-10-kg-sticks-dentales.jpg
Dentastix 5-10 Kg Sticks Dentales - 28 barritas,6.95,http://www.petsonic.com/10752-large_default/pedigree-dentastix-5-10-kg-sticks-dentales.jpg
Dentastix 10-25Kg Sticks Dentales - 7 barritas,3.25,http://www.petsonic.com/10753-large_default/pedigree-dentastix-10-25kg-sticks-dentales.jpg
Dentastix 10-25Kg Sticks Dentales - 28 barritas,9.45,http://www.petsonic.com/10753-large_default/pedigree-dentastix-10-25kg-sticks-dentales.jpg
Pedigree Dentastix +25 Kg. - 7 Unidades.,3.30,http://www.petsonic.com/8232-large_default/pedigree-dentastix.jpg
Pedigree Dentastix +25 Kg. - 28 Unidades,12.95,http://www.petsonic.com/8232-large_default/pedigree-dentastix.jpg
Greenies Petite - 1 unidad (17 GR),0.75,http://www.petsonic.com/39-large_default/greenies-petite-7-11kg-hueso-dental.jpg
Greenies Petite - 10 Unidades (170 GR),6.95,http://www.petsonic.com/39-large_default/greenies-petite-7-11kg-hueso-dental.jpg
Greenies Petite - 20 Unidades (340 GR),14.40,http://www.petsonic.com/39-large_default/greenies-petite-7-11kg-hueso-dental.jpg
Greenies Petite - 2x 20 Unidades (680 GR),27.70,http://www.petsonic.com/39-large_default/greenies-petite-7-11kg-hueso-dental.jpg
Greenies Teenie - 1 Unidad (8 GR),0.55,http://www.petsonic.com/38-large_default/greenies-teenie-2-7kg-hueso-dental.jpg
Greenies Teenie - 22 Unidades (170 GR),6.95,http://www.petsonic.com/38-large_default/greenies-teenie-2-7kg-hueso-dental.jpg
Greenies Teenie - 43 Unidades (340 GR),14.65,http://www.petsonic.com/38-large_default/greenies-teenie-2-7kg-hueso-dental.jpg
Greenies Teenie - 2x 43 Unidades (680 GR),27.70,http://www.petsonic.com/38-large_default/greenies-teenie-2-7kg-hueso-dental.jpg
Greenies Large - 4 Unidades (170 GR),6.95,http://www.petsonic.com/41-large_default/greenies-large-23-45kg-hueso-dental.jpg
Greenies Large - 2x 4 Unidades (340 GR),14.55,http://www.petsonic.com/41-large_default/greenies-large-23-45kg-hueso-dental.jpg
Greenies Large - 5x 4 Unidades (850 GR),37.25,http://www.petsonic.com/41-large_default/greenies-large-23-45kg-hueso-dental.jpg
Greenies Regular - 1 Unidad (28.3 GR),1.25,http://www.petsonic.com/40-large_default/greenies-regular.jpg
Greenies Regular - 6 Unidades (170 GR),6.95,http://www.petsonic.com/40-large_default/greenies-regular.jpg
Greenies Regular - 12 Unidades (340 GR),15.15,http://www.petsonic.com/40-large_default/greenies-regular.jpg
Greenies Regular - 2x 12 Unidades (680 GR),28.10,http://www.petsonic.com/40-large_default/greenies-regular.jpg
Delidog Barritas de Buey - 800 Gr.,8.10,http://www.petsonic.com/8018-large_default/delidog-barritas-de-buey.jpg
Delidog Barritas de Cordero - 800 Gr.,8.10,http://www.petsonic.com/8019-large_default/delidog-barritas-de-cordero.jpg
Delidog Barritas de Pollo - 800 Gr.,8.10,http://www.petsonic.com/8020-large_default/delidog-barritas-de-pollo.jpg
Delidog Barritas de Salmón - 800 Gr.,8.10,http://www.petsonic.com/8021-large_default/delidog-barritas-de-salmon.jpg
Delidog Barritas Grain Free - 800 Gr.,8.10,http://www.petsonic.com/8022-large_default/delidog-barritas-grain-free.jpg
Dental Stick 500gr - 500 Gr.,4.70,http://www.petsonic.com/3192-large_default/nayeco-dental-stick-500gr.jpg
Barrita de Cordero - 500 Gr.,4.70,http://www.petsonic.com/3194-large_default/nayeco-barrita-de-cordero-500gr.jpg
Anillas de Calamar - 75 Gr.,4.95,http://www.petsonic.com/10089-large_default/anillas-de-calamar.jpg
Bocados de Calamar - 75 Gr.,4.50,http://www.petsonic.com/10090-large_default/bocados-de-calamar.jpg
Snack de Piel para Perro - 4 Unidades,9.95,http://www.petsonic.com/10104-large_default/snack-de-piel-sabores-variados-para-perro.jpg
Snack Piel Surtido para Perro - 7 Unidades.,12.95,http://www.petsonic.com/10105-large_default/snack-piel-surtido-para-perro.jpg
Dental Care Stick Medium - 7 Unidades.,2.95,http://www.petsonic.com/10262-large_default/dental-care-stick-medium.jpg
Dental Care Stick Medium - 28 Unidades,7.95,http://www.petsonic.com/10262-large_default/dental-care-stick-medium.jpg
Calendario de Adviento Perro - Talla Unica,4.95,http://www.petsonic.com/10521-large_default/calendario-de-adviento-perro.jpg
Caja con Rollos de Piel Deshidratada para Perro - 3 Unidades.,5.75,http://www.petsonic.com/10672-large_default/caja-con-rollos-de-piel-deshidratada-para-perro.jpg
Limpiador Dental Masticable para Perros - 140 gr,6.20,http://www.petsonic.com/2019-large_default/virbac-sano-y-bello-limpiador-dental.jpg
